[{"name":"New Year's Day","date":{"month":1,"day":1},"formattedDate":"1 Jan","weekday":{"numeric":7,"name":"Sunday"},"is_public":false,"is_observed":false,"is_religious":false,"type":"national holiday"},{"name":"Valentine's Day","date":{"month":2,"day":14},"formattedDate":"14 Feb","weekday":{"numeric":2,"name":"Tuesday"},"is_public":false,"is_observed":true,"is_religious":false,"type":"observance"},{"name":"Carnival / Shrove Tuesday / Pancake Day","date":{"month":2,"day":21},"formattedDate":"21 Feb","weekday":{"numeric":2,"name":"Tuesday"},"is_public":false,"is_observed":false,"is_religious":false,"type":"optional holiday"},{"name":"St. Joseph's Day","date":{"month":3,"day":19},"formattedDate":"19 Mar","weekday":{"numeric":7,"name":"Sunday"},"is_public":false,"is_observed":false,"is_religious":false,"type":"district holiday"},{"name":"Fathers' Day","date":{"month":3,"day":19},"formattedDate":"19 Mar","weekday":{"numeric":7,"name":"Sunday"},"is_public":false,"is_observed":true,"is_religious":false,"type":"observance"},{"name":"March Equinox","date":{"month":3,"day":20},"formattedDate":"20 Mar","weekday":{"numeric":1,"name":"Monday"},"is_public":false,"is_observed":false,"is_religious":false,"type":"season"},{"name":"Daylight Saving Time starts","date":{"month":3,"day":26},"formattedDate":"26 Mar","weekday":{"numeric":7,"name":"Sunday"},"is_public":false,"is_observed":false,"is_religious":false,"type":"clock change/daylight saving time"},{"name":"Good Friday","date":{"month":4,"day":7},"formattedDate":"7 Apr","weekday":{"numeric":5,"name":"Friday"},"is_public":false,"is_observed":false,"is_religious":false,"type":"national holiday"},{"name":"Easter Sunday","date":{"month":4,"day":9},"formattedDate":"9 Apr","weekday":{"numeric":7,"name":"Sunday"},"is_public":false,"is_observed":false,"is_religious":false,"type":"national holiday"},{"name":"Liberty Day","date":{"month":4,"day":25},"formattedDate":"25 Apr","weekday":{"numeric":2,"name":"Tuesday"},"is_public":false,"is_observed":false,"is_religious":false,"type":"national holiday"},{"name":"Our Lady of Mércoles","date":{"month":4,"day":25},"formattedDate":"25 Apr","weekday":{"numeric":2,"name":"Tuesday"},"is_public":false,"is_observed":false,"is_religious":false,"type":"district holiday"},{"name":"Labor Day / May Day","date":{"month":5,"day":1},"formattedDate":"1 May","weekday":{"numeric":1,"name":"Monday"},"is_public":false,"is_observed":false,"is_religious":false,"type":"national holiday"},{"name":"Mothers' Day","date":{"month":5,"day":7},"formattedDate":"7 May","weekday":{"numeric":7,"name":"Sunday"},"is_public":false,"is_observed":true,"is_religious":false,"type":"observance"},{"name":"St. Joana's Day","date":{"month":5,"day":12},"formattedDate":"12 May","weekday":{"numeric":5,"name":"Friday"},"is_public":false,"is_observed":false,"is_religious":false,"type":"district holiday"},{"name":"Ascension Day","date":{"month":5,"day":18},"formattedDate":"18 May","weekday":{"numeric":4,"name":"Thursday"},"is_public":false,"is_observed":false,"is_religious":false,"type":"district holiday"},{"name":"Leiria Day","date":{"month":5,"day":22},"formattedDate":"22 May","weekday":{"numeric":1,"name":"Monday"},"is_public":false,"is_observed":false,"is_religious":false,"type":"district holiday"},{"name":"Portalegre Day","date":{"month":5,"day":23},"formattedDate":"23 May","weekday":{"numeric":2,"name":"Tuesday"},"is_public":false,"is_observed":false,"is_religious":false,"type":"district holiday"},{"name":"Azores Day","date":{"month":5,"day":29},"formattedDate":"29 May","weekday":{"numeric":1,"name":"Monday"},"is_public":false,"is_observed":false,"is_religious":false,"type":"regional holiday"},{"name":"Corpus Christi","date":{"month":6,"day":8},"formattedDate":"8 Jun","weekday":{"numeric":4,"name":"Thursday"},"is_public":false,"is_observed":false,"is_religious":false,"type":"national holiday"},{"name":"Portugal Day","date":{"month":6,"day":10},"formattedDate":"10 Jun","weekday":{"numeric":6,"name":"Saturday"},"is_public":false,"is_observed":false,"is_religious":false,"type":"national holiday"},{"name":"St. Anthony's Day","date":{"month":6,"day":13},"formattedDate":"13 Jun","weekday":{"numeric":2,"name":"Tuesday"},"is_public":false,"is_observed":false,"is_religious":false,"type":"district holiday"},{"name":"June Solstice","date":{"month":6,"day":21},"formattedDate":"21 Jun","weekday":{"numeric":3,"name":"Wednesday"},"is_public":false,"is_observed":false,"is_religious":false,"type":"season"},{"name":"St. John's Day","date":{"month":6,"day":24},"formattedDate":"24 Jun","weekday":{"numeric":6,"name":"Saturday"},"is_public":false,"is_observed":false,"is_religious":false,"type":"district holiday"},{"name":"St. Peter's Day","date":{"month":6,"day":29},"formattedDate":"29 Jun","weekday":{"numeric":4,"name":"Thursday"},"is_public":false,"is_observed":false,"is_religious":false,"type":"district holiday"},{"name":"Madeira Day","date":{"month":7,"day":1},"formattedDate":"1 Jul","weekday":{"numeric":6,"name":"Saturday"},"is_public":false,"is_observed":false,"is_religious":false,"type":"regional holiday"},{"name":"St. Elizabeth's Day","date":{"month":7,"day":4},"formattedDate":"4 Jul","weekday":{"numeric":2,"name":"Tuesday"},"is_public":false,"is_observed":false,"is_religious":false,"type":"district holiday"},{"name":"Assumption of Mary","date":{"month":8,"day":15},"formattedDate":"15 Aug","weekday":{"numeric":2,"name":"Tuesday"},"is_public":false,"is_observed":false,"is_religious":false,"type":"national holiday"},{"name":"Our Lady of Sorrows","date":{"month":8,"day":20},"formattedDate":"20 Aug","weekday":{"numeric":7,"name":"Sunday"},"is_public":false,"is_observed":false,"is_religious":false,"type":"district holiday"},{"name":"Our Lady of Graces","date":{"month":8,"day":22},"formattedDate":"22 Aug","weekday":{"numeric":2,"name":"Tuesday"},"is_public":false,"is_observed":false,"is_religious":false,"type":"district holiday"},{"name":"Faro Day","date":{"month":9,"day":7},"formattedDate":"7 Sep","weekday":{"numeric":4,"name":"Thursday"},"is_public":false,"is_observed":false,"is_religious":false,"type":"district holiday"},{"name":"Birth of Bocage","date":{"month":9,"day":15},"formattedDate":"15 Sep","weekday":{"numeric":5,"name":"Friday"},"is_public":false,"is_observed":false,"is_religious":false,"type":"district holiday"},{"name":"St. Matthew's Day","date":{"month":9,"day":21},"formattedDate":"21 Sep","weekday":{"numeric":4,"name":"Thursday"},"is_public":false,"is_observed":false,"is_religious":false,"type":"district holiday"},{"name":"September Equinox","date":{"month":9,"day":23},"formattedDate":"23 Sep","weekday":{"numeric":6,"name":"Saturday"},"is_public":false,"is_observed":false,"is_religious":false,"type":"season"},{"name":"Republic Day","date":{"month":10,"day":5},"formattedDate":"5 Oct","weekday":{"numeric":4,"name":"Thursday"},"is_public":false,"is_observed":false,"is_religious":false,"type":"national holiday"},{"name":"Daylight Saving Time ends","date":{"month":10,"day":29},"formattedDate":"29 Oct","weekday":{"numeric":7,"name":"Sunday"},"is_public":false,"is_observed":false,"is_religious":false,"type":"clock change/daylight saving time"},{"name":"All Saints' Day","date":{"month":11,"day":1},"formattedDate":"1 Nov","weekday":{"numeric":3,"name":"Wednesday"},"is_public":false,"is_observed":false,"is_religious":false,"type":"national holiday"},{"name":"Foral of Sancho I","date":{"month":11,"day":27},"formattedDate":"27 Nov","weekday":{"numeric":1,"name":"Monday"},"is_public":false,"is_observed":false,"is_religious":false,"type":"district holiday"},{"name":"Restoration of Independence","date":{"month":12,"day":1},"formattedDate":"1 Dec","weekday":{"numeric":5,"name":"Friday"},"is_public":false,"is_observed":false,"is_religious":false,"type":"national holiday"},{"name":"Feast of the Immaculate Conception","date":{"month":12,"day":8},"formattedDate":"8 Dec","weekday":{"numeric":5,"name":"Friday"},"is_public":false,"is_observed":false,"is_religious":false,"type":"national holiday"},{"name":"December Solstice","date":{"month":12,"day":22},"formattedDate":"22 Dec","weekday":{"numeric":5,"name":"Friday"},"is_public":false,"is_observed":false,"is_religious":false,"type":"season"},{"name":"Christmas Eve","date":{"month":12,"day":24},"formattedDate":"24 Dec","weekday":{"numeric":7,"name":"Sunday"},"is_public":false,"is_observed":true,"is_religious":false,"type":"observance"},{"name":"Christmas Day","date":{"month":12,"day":25},"formattedDate":"25 Dec","weekday":{"numeric":1,"name":"Monday"},"is_public":false,"is_observed":false,"is_religious":false,"type":"national holiday"},{"name":"New Year's Eve","date":{"month":12,"day":31},"formattedDate":"31 Dec","weekday":{"numeric":7,"name":"Sunday"},"is_public":false,"is_observed":true,"is_religious":false,"type":"observance"}]