[{"name":"New Year's Day","date":{"month":1,"day":1},"formattedDate":"1 Jan","weekday":{"numeric":4,"name":"Thursday"},"is_public":false,"is_observed":false,"is_religious":false,"type":"national holiday"},{"name":"Heroes' Day","date":{"month":3,"day":1},"formattedDate":"1 Mar","weekday":{"numeric":7,"name":"Sunday"},"is_public":false,"is_observed":false,"is_religious":false,"type":"national holiday"},{"name":"March Equinox","date":{"month":3,"day":20},"formattedDate":"20 Mar","weekday":{"numeric":5,"name":"Friday"},"is_public":false,"is_observed":false,"is_religious":false,"type":"season"},{"name":"Daylight Saving Time ends","date":{"month":3,"day":22},"formattedDate":"22 Mar","weekday":{"numeric":7,"name":"Sunday"},"is_public":false,"is_observed":false,"is_religious":false,"type":"clock change/daylight saving time"},{"name":"Maundy Thursday","date":{"month":4,"day":2},"formattedDate":"2 Apr","weekday":{"numeric":4,"name":"Thursday"},"is_public":false,"is_observed":false,"is_religious":false,"type":"national holiday"},{"name":"Good Friday","date":{"month":4,"day":3},"formattedDate":"3 Apr","weekday":{"numeric":5,"name":"Friday"},"is_public":false,"is_observed":false,"is_religious":false,"type":"national holiday"},{"name":"Labor Day / May Day","date":{"month":5,"day":1},"formattedDate":"1 May","weekday":{"numeric":5,"name":"Friday"},"is_public":false,"is_observed":false,"is_religious":false,"type":"national holiday"},{"name":"National Holiday","date":{"month":5,"day":14},"formattedDate":"14 May","weekday":{"numeric":4,"name":"Thursday"},"is_public":false,"is_observed":false,"is_religious":false,"type":"national holiday"},{"name":"Independence Day","date":{"month":5,"day":15},"formattedDate":"15 May","weekday":{"numeric":5,"name":"Friday"},"is_public":false,"is_observed":false,"is_religious":false,"type":"national holiday"},{"name":"June Solstice","date":{"month":6,"day":21},"formattedDate":"21 Jun","weekday":{"numeric":7,"name":"Sunday"},"is_public":false,"is_observed":false,"is_religious":false,"type":"season"},{"name":"Papal Visit (Day One)","date":{"month":7,"day":10},"formattedDate":"10 Jul","weekday":{"numeric":5,"name":"Friday"},"is_public":false,"is_observed":false,"is_religious":false,"type":"national holiday"},{"name":"Papal Visit (Day Two)","date":{"month":7,"day":11},"formattedDate":"11 Jul","weekday":{"numeric":6,"name":"Saturday"},"is_public":false,"is_observed":false,"is_religious":false,"type":"national holiday"},{"name":"Founding of Asuncion","date":{"month":8,"day":15},"formattedDate":"15 Aug","weekday":{"numeric":6,"name":"Saturday"},"is_public":false,"is_observed":false,"is_religious":false,"type":"national holiday"},{"name":"September Equinox","date":{"month":9,"day":23},"formattedDate":"23 Sep","weekday":{"numeric":3,"name":"Wednesday"},"is_public":false,"is_observed":false,"is_religious":false,"type":"season"},{"name":"Boqueron Battle Victory Day","date":{"month":9,"day":28},"formattedDate":"28 Sep","weekday":{"numeric":1,"name":"Monday"},"is_public":false,"is_observed":false,"is_religious":false,"type":"national holiday"},{"name":"Daylight Saving Time starts","date":{"month":10,"day":4},"formattedDate":"4 Oct","weekday":{"numeric":7,"name":"Sunday"},"is_public":false,"is_observed":false,"is_religious":false,"type":"clock change/daylight saving time"},{"name":"Public Sector Half Day","date":{"month":12,"day":7},"formattedDate":"7 Dec","weekday":{"numeric":1,"name":"Monday"},"is_public":false,"is_observed":false,"is_religious":false,"type":"national holiday"},{"name":"Virgin of Caacupé Day","date":{"month":12,"day":8},"formattedDate":"8 Dec","weekday":{"numeric":2,"name":"Tuesday"},"is_public":false,"is_observed":false,"is_religious":false,"type":"national holiday"},{"name":"December Solstice","date":{"month":12,"day":22},"formattedDate":"22 Dec","weekday":{"numeric":2,"name":"Tuesday"},"is_public":false,"is_observed":false,"is_religious":false,"type":"season"},{"name":"Christmas Eve","date":{"month":12,"day":24},"formattedDate":"24 Dec","weekday":{"numeric":4,"name":"Thursday"},"is_public":false,"is_observed":true,"is_religious":false,"type":"observance"},{"name":"Christmas Day","date":{"month":12,"day":25},"formattedDate":"25 Dec","weekday":{"numeric":5,"name":"Friday"},"is_public":false,"is_observed":false,"is_religious":false,"type":"national holiday"},{"name":"New Year's Eve","date":{"month":12,"day":31},"formattedDate":"31 Dec","weekday":{"numeric":4,"name":"Thursday"},"is_public":false,"is_observed":false,"is_religious":false,"type":"bank holiday"}]