[{"name":"New Year's Day","date":{"month":1,"day":1},"formattedDate":"1 Jan","weekday":{"numeric":1,"name":"Monday"},"is_public":false,"is_observed":false,"is_religious":false,"type":"statutory holiday"},{"name":"Day After New Year’s Day","date":{"month":1,"day":2},"formattedDate":"2 Jan","weekday":{"numeric":2,"name":"Tuesday"},"is_public":false,"is_observed":false,"is_religious":false,"type":"local holiday"},{"name":"Epiphany","date":{"month":1,"day":6},"formattedDate":"6 Jan","weekday":{"numeric":6,"name":"Saturday"},"is_public":false,"is_observed":true,"is_religious":true,"type":"observance, christian"},{"name":"Orthodox Christmas Day","date":{"month":1,"day":7},"formattedDate":"7 Jan","weekday":{"numeric":7,"name":"Sunday"},"is_public":false,"is_observed":false,"is_religious":true,"type":"orthodox"},{"name":"Orthodox New Year","date":{"month":1,"day":14},"formattedDate":"14 Jan","weekday":{"numeric":7,"name":"Sunday"},"is_public":false,"is_observed":false,"is_religious":true,"type":"orthodox"},{"name":"Lunar New Year","date":{"month":1,"day":24},"formattedDate":"24 Jan","weekday":{"numeric":3,"name":"Wednesday"},"is_public":false,"is_observed":true,"is_religious":false,"type":"observance"},{"name":"Groundhog Day","date":{"month":2,"day":2},"formattedDate":"2 Feb","weekday":{"numeric":5,"name":"Friday"},"is_public":false,"is_observed":true,"is_religious":false,"type":"observance"},{"name":"Tu B'Shevat (Arbor Day)","date":{"month":2,"day":8},"formattedDate":"8 Feb","weekday":{"numeric":4,"name":"Thursday"},"is_public":false,"is_observed":false,"is_religious":true,"type":"jewish holiday"},{"name":"Valentine's Day","date":{"month":2,"day":14},"formattedDate":"14 Feb","weekday":{"numeric":3,"name":"Wednesday"},"is_public":false,"is_observed":true,"is_religious":false,"type":"observance"},{"name":"National Flag of Canada Day","date":{"month":2,"day":15},"formattedDate":"15 Feb","weekday":{"numeric":4,"name":"Thursday"},"is_public":false,"is_observed":true,"is_religious":false,"type":"observance"},{"name":"Family Day","date":{"month":2,"day":19},"formattedDate":"19 Feb","weekday":{"numeric":1,"name":"Monday"},"is_public":false,"is_observed":false,"is_religious":false,"type":"local holiday"},{"name":"Yukon Heritage Day","date":{"month":2,"day":23},"formattedDate":"23 Feb","weekday":{"numeric":5,"name":"Friday"},"is_public":false,"is_observed":false,"is_religious":false,"type":"local de facto holiday"},{"name":"Carnival / Shrove Tuesday / Pancake Day","date":{"month":2,"day":27},"formattedDate":"27 Feb","weekday":{"numeric":2,"name":"Tuesday"},"is_public":false,"is_observed":false,"is_religious":true,"type":"christian"},{"name":"Ash Wednesday","date":{"month":2,"day":28},"formattedDate":"28 Feb","weekday":{"numeric":3,"name":"Wednesday"},"is_public":false,"is_observed":false,"is_religious":true,"type":"christian"},{"name":"St David's Day","date":{"month":3,"day":1},"formattedDate":"1 Mar","weekday":{"numeric":4,"name":"Thursday"},"is_public":false,"is_observed":true,"is_religious":false,"type":"observance"},{"name":"Eid al-Adha","date":{"month":3,"day":6},"formattedDate":"6 Mar","weekday":{"numeric":2,"name":"Tuesday"},"is_public":false,"is_observed":false,"is_religious":true,"type":"muslim"},{"name":"Purim","date":{"month":3,"day":9},"formattedDate":"9 Mar","weekday":{"numeric":5,"name":"Friday"},"is_public":false,"is_observed":false,"is_religious":true,"type":"jewish holiday"},{"name":"Commonwealth Day","date":{"month":3,"day":12},"formattedDate":"12 Mar","weekday":{"numeric":1,"name":"Monday"},"is_public":false,"is_observed":true,"is_religious":false,"type":"observance"},{"name":"St. Patrick's Day","date":{"month":3,"day":17},"formattedDate":"17 Mar","weekday":{"numeric":6,"name":"Saturday"},"is_public":false,"is_observed":true,"is_religious":false,"type":"observance"},{"name":"St. Patrick's Day","date":{"month":3,"day":19},"formattedDate":"19 Mar","weekday":{"numeric":1,"name":"Monday"},"is_public":false,"is_observed":false,"is_religious":false,"type":"local holiday"},{"name":"March Equinox","date":{"month":3,"day":20},"formattedDate":"20 Mar","weekday":{"numeric":2,"name":"Tuesday"},"is_public":false,"is_observed":false,"is_religious":false,"type":"season"},{"name":"Muharram/Islamic New Year","date":{"month":3,"day":26},"formattedDate":"26 Mar","weekday":{"numeric":1,"name":"Monday"},"is_public":false,"is_observed":false,"is_religious":true,"type":"muslim"},{"name":"Daylight Saving Time starts","date":{"month":4,"day":1},"formattedDate":"1 Apr","weekday":{"numeric":7,"name":"Sunday"},"is_public":false,"is_observed":false,"is_religious":false,"type":"clock change/daylight saving time"},{"name":"Ashura","date":{"month":4,"day":4},"formattedDate":"4 Apr","weekday":{"numeric":3,"name":"Wednesday"},"is_public":false,"is_observed":false,"is_religious":true,"type":"muslim"},{"name":"Palm Sunday","date":{"month":4,"day":8},"formattedDate":"8 Apr","weekday":{"numeric":7,"name":"Sunday"},"is_public":false,"is_observed":false,"is_religious":true,"type":"christian"},{"name":"First day of Passover","date":{"month":4,"day":8},"formattedDate":"8 Apr","weekday":{"numeric":7,"name":"Sunday"},"is_public":false,"is_observed":false,"is_religious":true,"type":"jewish holiday"},{"name":"Maundy Thursday","date":{"month":4,"day":12},"formattedDate":"12 Apr","weekday":{"numeric":4,"name":"Thursday"},"is_public":false,"is_observed":false,"is_religious":true,"type":"christian"},{"name":"Orthodox Good Friday","date":{"month":4,"day":13},"formattedDate":"13 Apr","weekday":{"numeric":5,"name":"Friday"},"is_public":false,"is_observed":false,"is_religious":true,"type":"orthodox"},{"name":"Good Friday","date":{"month":4,"day":13},"formattedDate":"13 Apr","weekday":{"numeric":5,"name":"Friday"},"is_public":false,"is_observed":false,"is_religious":false,"type":"statutory holiday"},{"name":"Holy Saturday","date":{"month":4,"day":14},"formattedDate":"14 Apr","weekday":{"numeric":6,"name":"Saturday"},"is_public":false,"is_observed":false,"is_religious":true,"type":"christian"},{"name":"Orthodox Holy Saturday","date":{"month":4,"day":14},"formattedDate":"14 Apr","weekday":{"numeric":6,"name":"Saturday"},"is_public":false,"is_observed":false,"is_religious":true,"type":"orthodox"},{"name":"Last day of Passover","date":{"month":4,"day":15},"formattedDate":"15 Apr","weekday":{"numeric":7,"name":"Sunday"},"is_public":false,"is_observed":false,"is_religious":true,"type":"jewish holiday"},{"name":"Orthodox Easter","date":{"month":4,"day":15},"formattedDate":"15 Apr","weekday":{"numeric":7,"name":"Sunday"},"is_public":false,"is_observed":false,"is_religious":true,"type":"orthodox"},{"name":"Easter Sunday","date":{"month":4,"day":15},"formattedDate":"15 Apr","weekday":{"numeric":7,"name":"Sunday"},"is_public":false,"is_observed":false,"is_religious":false,"type":"shops closing day"},{"name":"Easter Sunday","date":{"month":4,"day":15},"formattedDate":"15 Apr","weekday":{"numeric":7,"name":"Sunday"},"is_public":false,"is_observed":true,"is_religious":true,"type":"observance, christian"},{"name":"Easter Sunday","date":{"month":4,"day":15},"formattedDate":"15 Apr","weekday":{"numeric":7,"name":"Sunday"},"is_public":false,"is_observed":false,"is_religious":false,"type":"designated retail closing day"},{"name":"Orthodox Easter Monday","date":{"month":4,"day":16},"formattedDate":"16 Apr","weekday":{"numeric":1,"name":"Monday"},"is_public":false,"is_observed":false,"is_religious":true,"type":"orthodox"},{"name":"Easter Monday","date":{"month":4,"day":16},"formattedDate":"16 Apr","weekday":{"numeric":1,"name":"Monday"},"is_public":false,"is_observed":false,"is_religious":false,"type":"statutory holiday"},{"name":"Easter Monday","date":{"month":4,"day":16},"formattedDate":"16 Apr","weekday":{"numeric":1,"name":"Monday"},"is_public":false,"is_observed":false,"is_religious":false,"type":"optional holiday"},{"name":"Easter Monday","date":{"month":4,"day":16},"formattedDate":"16 Apr","weekday":{"numeric":1,"name":"Monday"},"is_public":false,"is_observed":false,"is_religious":false,"type":"statutory holiday"},{"name":"Easter Monday","date":{"month":4,"day":16},"formattedDate":"16 Apr","weekday":{"numeric":1,"name":"Monday"},"is_public":false,"is_observed":false,"is_religious":false,"type":"local de facto holiday"},{"name":"Yom HaShoah","date":{"month":4,"day":18},"formattedDate":"18 Apr","weekday":{"numeric":3,"name":"Wednesday"},"is_public":false,"is_observed":false,"is_religious":true,"type":"jewish commemoration"},{"name":"St. George's Day","date":{"month":4,"day":23},"formattedDate":"23 Apr","weekday":{"numeric":1,"name":"Monday"},"is_public":false,"is_observed":false,"is_religious":false,"type":"local holiday"},{"name":"Yom HaAtzmaut","date":{"month":4,"day":26},"formattedDate":"26 Apr","weekday":{"numeric":4,"name":"Thursday"},"is_public":false,"is_observed":false,"is_religious":true,"type":"jewish holiday"},{"name":"Lag B'Omer","date":{"month":5,"day":11},"formattedDate":"11 May","weekday":{"numeric":5,"name":"Friday"},"is_public":false,"is_observed":false,"is_religious":true,"type":"jewish holiday"},{"name":"Mothers' Day","date":{"month":5,"day":13},"formattedDate":"13 May","weekday":{"numeric":7,"name":"Sunday"},"is_public":false,"is_observed":true,"is_religious":false,"type":"observance"},{"name":"Victoria Day","date":{"month":5,"day":21},"formattedDate":"21 May","weekday":{"numeric":1,"name":"Monday"},"is_public":false,"is_observed":false,"is_religious":false,"type":"statutory holiday"},{"name":"Ascension Day","date":{"month":5,"day":24},"formattedDate":"24 May","weekday":{"numeric":4,"name":"Thursday"},"is_public":false,"is_observed":false,"is_religious":true,"type":"christian"},{"name":"Shavuot","date":{"month":5,"day":28},"formattedDate":"28 May","weekday":{"numeric":1,"name":"Monday"},"is_public":false,"is_observed":false,"is_religious":true,"type":"jewish holiday"},{"name":"Pentecost","date":{"month":6,"day":3},"formattedDate":"3 Jun","weekday":{"numeric":7,"name":"Sunday"},"is_public":false,"is_observed":false,"is_religious":true,"type":"christian"},{"name":"Whit Monday","date":{"month":6,"day":4},"formattedDate":"4 Jun","weekday":{"numeric":1,"name":"Monday"},"is_public":false,"is_observed":false,"is_religious":true,"type":"christian"},{"name":"Milad un Nabi (Mawlid)","date":{"month":6,"day":4},"formattedDate":"4 Jun","weekday":{"numeric":1,"name":"Monday"},"is_public":false,"is_observed":false,"is_religious":true,"type":"muslim"},{"name":"Trinity Sunday","date":{"month":6,"day":10},"formattedDate":"10 Jun","weekday":{"numeric":7,"name":"Sunday"},"is_public":false,"is_observed":false,"is_religious":true,"type":"christian"},{"name":"Corpus Christi","date":{"month":6,"day":14},"formattedDate":"14 Jun","weekday":{"numeric":4,"name":"Thursday"},"is_public":false,"is_observed":false,"is_religious":true,"type":"christian"},{"name":"Fathers' Day","date":{"month":6,"day":17},"formattedDate":"17 Jun","weekday":{"numeric":7,"name":"Sunday"},"is_public":false,"is_observed":true,"is_religious":false,"type":"observance"},{"name":"National Aboriginal Day","date":{"month":6,"day":21},"formattedDate":"21 Jun","weekday":{"numeric":4,"name":"Thursday"},"is_public":false,"is_observed":true,"is_religious":false,"type":"observance"},{"name":"June Solstice","date":{"month":6,"day":21},"formattedDate":"21 Jun","weekday":{"numeric":4,"name":"Thursday"},"is_public":false,"is_observed":false,"is_religious":false,"type":"season"},{"name":"St. Jean Baptiste Day","date":{"month":6,"day":24},"formattedDate":"24 Jun","weekday":{"numeric":7,"name":"Sunday"},"is_public":false,"is_observed":false,"is_religious":false,"type":"local holiday"},{"name":"Discovery Day","date":{"month":6,"day":25},"formattedDate":"25 Jun","weekday":{"numeric":1,"name":"Monday"},"is_public":false,"is_observed":false,"is_religious":false,"type":"local holiday"},{"name":"St. Jean Baptiste Day observed","date":{"month":6,"day":25},"formattedDate":"25 Jun","weekday":{"numeric":1,"name":"Monday"},"is_public":false,"is_observed":false,"is_religious":false,"type":"local holiday"},{"name":"Memorial Day","date":{"month":7,"day":1},"formattedDate":"1 Jul","weekday":{"numeric":7,"name":"Sunday"},"is_public":false,"is_observed":false,"is_religious":false,"type":"local holiday"},{"name":"Canada Day","date":{"month":7,"day":1},"formattedDate":"1 Jul","weekday":{"numeric":7,"name":"Sunday"},"is_public":false,"is_observed":false,"is_religious":false,"type":"statutory holiday"},{"name":"Canada Day","date":{"month":7,"day":1},"formattedDate":"1 Jul","weekday":{"numeric":7,"name":"Sunday"},"is_public":false,"is_observed":false,"is_religious":false,"type":"statutory holiday"},{"name":"Canada Day","date":{"month":7,"day":1},"formattedDate":"1 Jul","weekday":{"numeric":7,"name":"Sunday"},"is_public":false,"is_observed":false,"is_religious":false,"type":"statutory holiday"},{"name":"Day off for Canada Day","date":{"month":7,"day":2},"formattedDate":"2 Jul","weekday":{"numeric":1,"name":"Monday"},"is_public":false,"is_observed":false,"is_religious":false,"type":"statutory holiday"},{"name":"Day off for Canada Day","date":{"month":7,"day":2},"formattedDate":"2 Jul","weekday":{"numeric":1,"name":"Monday"},"is_public":false,"is_observed":false,"is_religious":false,"type":"statutory holiday"},{"name":"Nunavut Day","date":{"month":7,"day":9},"formattedDate":"9 Jul","weekday":{"numeric":1,"name":"Monday"},"is_public":false,"is_observed":false,"is_religious":false,"type":"local holiday"},{"name":"Orangemen's Day","date":{"month":7,"day":9},"formattedDate":"9 Jul","weekday":{"numeric":1,"name":"Monday"},"is_public":false,"is_observed":false,"is_religious":false,"type":"local holiday"},{"name":"Tisha B'Av","date":{"month":7,"day":29},"formattedDate":"29 Jul","weekday":{"numeric":7,"name":"Sunday"},"is_public":false,"is_observed":false,"is_religious":true,"type":"jewish holiday"},{"name":"The Royal St John's Regatta (Regatta Day)","date":{"month":8,"day":1},"formattedDate":"1 Aug","weekday":{"numeric":3,"name":"Wednesday"},"is_public":false,"is_observed":false,"is_religious":false,"type":"local holiday"},{"name":"Civic/Provincial Day","date":{"month":8,"day":6},"formattedDate":"6 Aug","weekday":{"numeric":1,"name":"Monday"},"is_public":false,"is_observed":false,"is_religious":false,"type":"statutory holiday"},{"name":"Civic/Provincial Day","date":{"month":8,"day":6},"formattedDate":"6 Aug","weekday":{"numeric":1,"name":"Monday"},"is_public":false,"is_observed":false,"is_religious":false,"type":"common local holiday"},{"name":"Civic/Provincial Day","date":{"month":8,"day":6},"formattedDate":"6 Aug","weekday":{"numeric":1,"name":"Monday"},"is_public":false,"is_observed":false,"is_religious":false,"type":"local observance"},{"name":"Saskatchewan Day","date":{"month":8,"day":6},"formattedDate":"6 Aug","weekday":{"numeric":1,"name":"Monday"},"is_public":false,"is_observed":false,"is_religious":false,"type":"common local holiday"},{"name":"New Brunswick Day","date":{"month":8,"day":6},"formattedDate":"6 Aug","weekday":{"numeric":1,"name":"Monday"},"is_public":false,"is_observed":false,"is_religious":false,"type":"prescribed day of rest"},{"name":"British Columbia Day","date":{"month":8,"day":6},"formattedDate":"6 Aug","weekday":{"numeric":1,"name":"Monday"},"is_public":false,"is_observed":false,"is_religious":false,"type":"common local holiday"},{"name":"Natal Day","date":{"month":8,"day":6},"formattedDate":"6 Aug","weekday":{"numeric":1,"name":"Monday"},"is_public":false,"is_observed":false,"is_religious":false,"type":"common local holiday"},{"name":"Heritage Day","date":{"month":8,"day":6},"formattedDate":"6 Aug","weekday":{"numeric":1,"name":"Monday"},"is_public":false,"is_observed":false,"is_religious":false,"type":"optional holiday"},{"name":"Assumption of Mary","date":{"month":8,"day":15},"formattedDate":"15 Aug","weekday":{"numeric":3,"name":"Wednesday"},"is_public":false,"is_observed":false,"is_religious":true,"type":"christian"},{"name":"Gold Cup Parade","date":{"month":8,"day":17},"formattedDate":"17 Aug","weekday":{"numeric":5,"name":"Friday"},"is_public":false,"is_observed":false,"is_religious":false,"type":"local holiday"},{"name":"Discovery Day","date":{"month":8,"day":20},"formattedDate":"20 Aug","weekday":{"numeric":1,"name":"Monday"},"is_public":false,"is_observed":false,"is_religious":false,"type":"local holiday"},{"name":"Labour Day","date":{"month":9,"day":3},"formattedDate":"3 Sep","weekday":{"numeric":1,"name":"Monday"},"is_public":false,"is_observed":false,"is_religious":false,"type":"statutory holiday"},{"name":"Rosh Hashana","date":{"month":9,"day":18},"formattedDate":"18 Sep","weekday":{"numeric":2,"name":"Tuesday"},"is_public":false,"is_observed":false,"is_religious":true,"type":"jewish holiday"},{"name":"September Equinox","date":{"month":9,"day":22},"formattedDate":"22 Sep","weekday":{"numeric":6,"name":"Saturday"},"is_public":false,"is_observed":false,"is_religious":false,"type":"season"},{"name":"Yom Kippur","date":{"month":9,"day":27},"formattedDate":"27 Sep","weekday":{"numeric":4,"name":"Thursday"},"is_public":false,"is_observed":false,"is_religious":true,"type":"jewish holiday"},{"name":"First day of Sukkot","date":{"month":10,"day":2},"formattedDate":"2 Oct","weekday":{"numeric":2,"name":"Tuesday"},"is_public":false,"is_observed":false,"is_religious":true,"type":"jewish holiday"},{"name":"Feast of St Francis of Assisi","date":{"month":10,"day":4},"formattedDate":"4 Oct","weekday":{"numeric":4,"name":"Thursday"},"is_public":false,"is_observed":false,"is_religious":true,"type":"christian"},{"name":"Hoshana Rabbah","date":{"month":10,"day":8},"formattedDate":"8 Oct","weekday":{"numeric":1,"name":"Monday"},"is_public":false,"is_observed":false,"is_religious":true,"type":"jewish holiday"},{"name":"Thanksgiving Day","date":{"month":10,"day":8},"formattedDate":"8 Oct","weekday":{"numeric":1,"name":"Monday"},"is_public":false,"is_observed":false,"is_religious":false,"type":"statutory holiday"},{"name":"Thanksgiving Day","date":{"month":10,"day":8},"formattedDate":"8 Oct","weekday":{"numeric":1,"name":"Monday"},"is_public":false,"is_observed":false,"is_religious":false,"type":"designated retail closing day"},{"name":"Thanksgiving Day","date":{"month":10,"day":8},"formattedDate":"8 Oct","weekday":{"numeric":1,"name":"Monday"},"is_public":false,"is_observed":true,"is_religious":false,"type":"observance"},{"name":"Thanksgiving Day","date":{"month":10,"day":8},"formattedDate":"8 Oct","weekday":{"numeric":1,"name":"Monday"},"is_public":false,"is_observed":false,"is_religious":false,"type":"statutory holiday"},{"name":"Shemini Atzeret","date":{"month":10,"day":9},"formattedDate":"9 Oct","weekday":{"numeric":2,"name":"Tuesday"},"is_public":false,"is_observed":false,"is_religious":true,"type":"jewish holiday"},{"name":"Simchat Torah","date":{"month":10,"day":10},"formattedDate":"10 Oct","weekday":{"numeric":3,"name":"Wednesday"},"is_public":false,"is_observed":false,"is_religious":true,"type":"jewish holiday"},{"name":"Isra and Mi'raj","date":{"month":10,"day":15},"formattedDate":"15 Oct","weekday":{"numeric":1,"name":"Monday"},"is_public":false,"is_observed":false,"is_religious":true,"type":"muslim"},{"name":"Daylight Saving Time ends","date":{"month":10,"day":28},"formattedDate":"28 Oct","weekday":{"numeric":7,"name":"Sunday"},"is_public":false,"is_observed":false,"is_religious":false,"type":"clock change/daylight saving time"},{"name":"Halloween","date":{"month":10,"day":31},"formattedDate":"31 Oct","weekday":{"numeric":3,"name":"Wednesday"},"is_public":false,"is_observed":true,"is_religious":false,"type":"observance"},{"name":"All Saints' Day","date":{"month":11,"day":1},"formattedDate":"1 Nov","weekday":{"numeric":4,"name":"Thursday"},"is_public":false,"is_observed":true,"is_religious":true,"type":"observance, christian"},{"name":"All Souls' Day","date":{"month":11,"day":2},"formattedDate":"2 Nov","weekday":{"numeric":5,"name":"Friday"},"is_public":false,"is_observed":true,"is_religious":true,"type":"observance, christian"},{"name":"National Aboriginal Veterans Day","date":{"month":11,"day":8},"formattedDate":"8 Nov","weekday":{"numeric":4,"name":"Thursday"},"is_public":false,"is_observed":true,"is_religious":false,"type":"observance"},{"name":"Remembrance Day","date":{"month":11,"day":11},"formattedDate":"11 Nov","weekday":{"numeric":7,"name":"Sunday"},"is_public":false,"is_observed":true,"is_religious":false,"type":"observance"},{"name":"Remembrance Day","date":{"month":11,"day":11},"formattedDate":"11 Nov","weekday":{"numeric":7,"name":"Sunday"},"is_public":false,"is_observed":false,"is_religious":false,"type":"statutory holiday"},{"name":"Remembrance Day observed","date":{"month":11,"day":12},"formattedDate":"12 Nov","weekday":{"numeric":1,"name":"Monday"},"is_public":false,"is_observed":true,"is_religious":false,"type":"observance"},{"name":"Remembrance Day observed","date":{"month":11,"day":12},"formattedDate":"12 Nov","weekday":{"numeric":1,"name":"Monday"},"is_public":false,"is_observed":false,"is_religious":false,"type":"statutory holiday"},{"name":"Ramadan Start","date":{"month":11,"day":17},"formattedDate":"17 Nov","weekday":{"numeric":6,"name":"Saturday"},"is_public":false,"is_observed":false,"is_religious":true,"type":"muslim"},{"name":"First Sunday of Advent","date":{"month":12,"day":2},"formattedDate":"2 Dec","weekday":{"numeric":7,"name":"Sunday"},"is_public":false,"is_observed":true,"is_religious":false,"type":"observance"},{"name":"Feast of the Immaculate Conception","date":{"month":12,"day":8},"formattedDate":"8 Dec","weekday":{"numeric":6,"name":"Saturday"},"is_public":false,"is_observed":false,"is_religious":true,"type":"christian"},{"name":"First Day of Hanukkah","date":{"month":12,"day":10},"formattedDate":"10 Dec","weekday":{"numeric":1,"name":"Monday"},"is_public":false,"is_observed":false,"is_religious":true,"type":"jewish holiday"},{"name":"Anniversary of the Statute of Westminster","date":{"month":12,"day":11},"formattedDate":"11 Dec","weekday":{"numeric":2,"name":"Tuesday"},"is_public":false,"is_observed":true,"is_religious":false,"type":"observance"},{"name":"Laylatul Qadr (Night of Power)","date":{"month":12,"day":12},"formattedDate":"12 Dec","weekday":{"numeric":3,"name":"Wednesday"},"is_public":false,"is_observed":false,"is_religious":true,"type":"muslim"},{"name":"Last day of Hanukkah","date":{"month":12,"day":17},"formattedDate":"17 Dec","weekday":{"numeric":1,"name":"Monday"},"is_public":false,"is_observed":false,"is_religious":true,"type":"jewish holiday"},{"name":"Eid ul Fitr","date":{"month":12,"day":17},"formattedDate":"17 Dec","weekday":{"numeric":1,"name":"Monday"},"is_public":false,"is_observed":false,"is_religious":true,"type":"muslim"},{"name":"December Solstice","date":{"month":12,"day":21},"formattedDate":"21 Dec","weekday":{"numeric":5,"name":"Friday"},"is_public":false,"is_observed":false,"is_religious":false,"type":"season"},{"name":"Christmas Eve","date":{"month":12,"day":24},"formattedDate":"24 Dec","weekday":{"numeric":1,"name":"Monday"},"is_public":false,"is_observed":true,"is_religious":false,"type":"observance"},{"name":"Christmas Eve","date":{"month":12,"day":24},"formattedDate":"24 Dec","weekday":{"numeric":1,"name":"Monday"},"is_public":true,"is_observed":false,"is_religious":false,"type":"provincial public sector holiday"},{"name":"Christmas Day","date":{"month":12,"day":25},"formattedDate":"25 Dec","weekday":{"numeric":2,"name":"Tuesday"},"is_public":false,"is_observed":false,"is_religious":false,"type":"statutory holiday"},{"name":"Kwanzaa (first day)","date":{"month":12,"day":26},"formattedDate":"26 Dec","weekday":{"numeric":3,"name":"Wednesday"},"is_public":false,"is_observed":true,"is_religious":false,"type":"observance"},{"name":"Boxing Day","date":{"month":12,"day":26},"formattedDate":"26 Dec","weekday":{"numeric":3,"name":"Wednesday"},"is_public":false,"is_observed":false,"is_religious":false,"type":"statutory holiday"},{"name":"Boxing Day","date":{"month":12,"day":26},"formattedDate":"26 Dec","weekday":{"numeric":3,"name":"Wednesday"},"is_public":false,"is_observed":false,"is_religious":false,"type":"designated retail closing day"},{"name":"Boxing Day","date":{"month":12,"day":26},"formattedDate":"26 Dec","weekday":{"numeric":3,"name":"Wednesday"},"is_public":false,"is_observed":false,"is_religious":false,"type":"local de facto holiday"},{"name":"Boxing Day","date":{"month":12,"day":26},"formattedDate":"26 Dec","weekday":{"numeric":3,"name":"Wednesday"},"is_public":false,"is_observed":false,"is_religious":false,"type":"optional holiday"},{"name":"Boxing Day","date":{"month":12,"day":26},"formattedDate":"26 Dec","weekday":{"numeric":3,"name":"Wednesday"},"is_public":true,"is_observed":false,"is_religious":false,"type":"provincial public sector holiday"},{"name":"New Year's Eve","date":{"month":12,"day":31},"formattedDate":"31 Dec","weekday":{"numeric":1,"name":"Monday"},"is_public":false,"is_observed":true,"is_religious":false,"type":"observance"}]